Date,Open,High,Low,Close,Adj Close,Volume,Days
2019-03-29,87.330002,88.599998,78.019997,78.290001,78.290001,71485200,0
2019-04-01,74.900002,75,67.779999,69.010002,69.010002,41799300,1
2019-04-02,66.900002,70.199997,66.099998,68.970001,68.970001,22483300,2
2019-04-03,70.059998,72,69.120003,70,70,15648300,3
2019-04-04,70.480003,72.889999,70.220001,72,72,9229300,4
2019-04-05,73.940002,76.099998,73.300003,74.449997,74.449997,11200100,5
2019-04-08,74.989998,74.989998,70.230003,70.230003,70.230003,6599500,6
2019-04-09,69.5,69.699997,67.110001,67.440002,67.440002,8223300,7
2019-04-10,67.25,67.349998,59.75,60.119999,60.119999,26392100,8
2019-04-11,61.099998,62.299999,60.310001,61.009998,61.009998,12405700,9
2019-04-12,61.380001,61.490002,57.66,59.895,59.895,13787500,10
2019-04-15,59.720001,59.799999,55.560001,56.110001,56.110001,14345900,11
2019-04-16,56.860001,57.939999,56.18,56.25,56.25,9965000,12
2019-04-17,56.5,59.610001,55.619999,59.509998,59.509998,10768300,13
2019-04-18,59.650002,59.66,57.599998,58.360001,58.360001,6869900,14
2019-04-22,57.900002,61.23,57.651001,60.939999,60.939999,5265600,15
2019-04-23,62.02,62.099998,59.330002,60.25,60.25,11975000,16
2019-04-24,60.110001,60.488998,57.77,57.82,57.82,5158000,17
2019-04-25,58.200001,58.457001,55.861,56.34,56.34,5097100,18
2019-04-26,56.299999,57.529999,54.32,57.240002,57.240002,5981000,19
2019-04-29,57.599998,60.709999,56,60.59,60.59,7231800,20
2019-04-30,59.93,61.400002,58.220001,59.799999,59.799999,6072700,21
2019-05-01,60.700001,60.709999,58.532001,58.75,58.75,3443000,22
2019-05-02,58.439999,62.009998,57.330002,61.5,61.5,6634300,23
2019-05-03,61.209999,62.985001,60.101002,62.509998,62.509998,9393600,24
2019-05-06,60.549999,61.5,59.900002,60.57,60.57,5184600,25
2019-05-07,60.34,61.599998,58.119999,59.34,59.34,11591700,26
2019-05-08,57.689999,60.450001,52.779999,52.91,52.91,22640400,27
2019-05-09,54.07,56.450001,53.099998,55.18,55.18,9603500,28
2019-05-10,56.389999,56.490002,50.02,51.09,51.09,23111200,29
2019-05-13,50,50.09,47.169998,48.150002,48.150002,10007400,30
2019-05-14,48.82,51.389999,48,50.52,50.52,7007400,31
2019-05-15,50.200001,54.849998,49.860001,54.040001,54.040001,7909300,32
2019-05-16,54.099998,56.720001,53.549999,55.599998,55.599998,7101700,33
2019-05-17,54.5,55.110001,53.459999,53.790001,53.790001,4326500,34
2019-05-20,52.139999,54.689999,51.845001,54.630001,54.630001,2710000,35
2019-05-21,54.77,56.029999,53.529999,55.509998,55.509998,3490700,36
2019-05-22,54.68,57.959999,54.619999,57.880001,57.880001,3913700,37
2019-05-23,56.82,58.48,56.32,58.110001,58.110001,3649300,38
2019-05-24,58.5,58.790001,56.610001,57.099998,57.099998,2412500,39
2019-05-28,56.849998,57.990002,55.400002,56.889999,56.889999,2836100,40
2019-05-29,56.299999,56.73,54.055,56.259998,56.259998,3166500,41
2019-05-30,56.040001,56.544998,54.07,54.830002,54.830002,2558400,42
2019-05-31,56.41,58.450001,54.57,57.619999,57.619999,5123700,43
2019-06-03,58.52,61.77,58.32,59.540001,59.540001,5549300,44
2019-06-04,61.099998,61.169998,57.560001,59.169998,59.169998,4093200,45
2019-06-05,59.400002,63.240002,59.200001,63.009998,63.009998,4834400,46
2019-06-06,62.25,63.18,60.400002,61.630001,61.630001,3844900,47
2019-06-07,62,62.23,59.213001,59.259998,59.259998,3881900,48
2019-06-10,59.450001,60.580002,56.700001,56.759998,56.759998,2677300,49
2019-06-11,59.080002,59.25,56.310001,58.07,58.07,2719400,50
2019-06-12,57.18,58.868999,57.049999,58.41,58.41,1534500,51
2019-06-13,59.48,61.349998,58.75,61.209999,61.209999,2681500,52
2019-06-14,61,61.389999,59.970001,60.959999,60.959999,1955800,53
2019-06-17,60.48,64.139999,60.32,63.599998,63.599998,4386200,54
2019-06-18,63.700001,64.760002,61.610001,64.400002,64.400002,4670200,55
2019-06-19,64.5,65.07,63.150002,63.549999,63.549999,3014600,56
2019-06-20,64,64.207001,62.110001,62.84,62.84,2323500,57
2019-06-21,62.799999,64.300003,62.52,64.260002,64.260002,3921700,58
2019-06-24,64,64.269997,62.860001,63.759998,63.759998,2282000,59
2019-06-25,63.759998,64.269997,62.66,64.040001,64.040001,2060300,60
2019-06-26,64.32,64.639999,62.77,62.970001,62.970001,1913500,61
2019-06-27,63.52,65.360001,63.139999,65.269997,65.269997,3734500,62
2019-06-28,65.199997,66.639999,64.440002,65.709999,65.709999,6317400,63
2019-07-01,66,66.099998,61.5,62,62,4446100,64
2019-07-02,62.889999,62.900002,60.25,60.349998,60.349998,3037500,65
2019-07-03,60.639999,61.200001,60.380001,60.599998,60.599998,1246900,66
2019-07-05,60.709999,60.880001,58.75,59.389999,59.389999,3331800,67
2019-07-08,59.310001,60.09,58.5,59.790001,59.790001,2792300,68
2019-07-09,59.790001,62.120998,59.779999,61.830002,61.830002,3091200,69
2019-07-10,62.279999,62.740002,61.43,62.299999,62.299999,2337800,70
2019-07-11,62.310001,62.66,61.110001,61.849998,61.849998,1923200,71
2019-07-12,61.849998,64.599998,60.619999,64.25,64.25,5665200,72
2019-07-15,64.389999,64.989998,63.82,64.790001,64.790001,1921800,73
2019-07-16,64.330002,65.459999,64.153,64.800003,64.800003,1806900,74
2019-07-17,64.5,65.260002,63.330002,65.169998,65.169998,1597100,75
2019-07-18,65,66.129997,64.57,66,66,1894200,76
2019-07-19,66.220001,68.330002,66.150002,67.449997,67.449997,3734900,77
2019-07-22,67.220001,67.385002,65.730003,66,66,1915300,78
2019-07-23,66.25,66.489998,64.830002,64.93,64.93,1492400,79
2019-07-24,64.93,65.779999,64.489998,65.230003,65.230003,1427500,80
2019-07-25,65.529999,65.629997,64.629997,65.010002,65.010002,1047000,81
2019-07-26,65.230003,66.699997,65.230003,65.519997,65.519997,1911000,82
2019-07-29,65.739998,65.989998,62.939999,64.029999,64.029999,2179200,83
2019-07-30,63.799999,63.939999,61.68,62.459999,62.459999,2619200,84
2019-07-31,62.509998,62.830002,60.365002,60.869999,60.869999,2230400,85
2019-08-01,60.610001,61.310001,59.59,59.77,59.77,2278400,86
2019-08-02,59.5,59.599998,57.139999,58.610001,58.610001,2253300,87
2019-08-05,57.439999,59.694,56.299999,59.509998,59.509998,2487200,88
2019-08-06,59.790001,60.799999,57.16,58.700001,58.700001,2849700,89
2019-08-07,58,61.439999,57.66,60.290001,60.290001,8786600,90
2019-08-08,65.5,65.919998,61.5,62.099998,62.099998,13257200,91
2019-08-09,61.689999,61.950001,58.119999,59.119999,59.119999,8687400,92
2019-08-12,58.509998,58.599998,55.709999,56.18,56.18,5457100,93
2019-08-13,56,58.490002,54.389999,58.080002,58.080002,4367100,94
2019-08-14,56.52,57.23,53.66,54.490002,54.490002,4097000,95
2019-08-15,54.990002,54.990002,52.07,52.799999,52.799999,5202900,96
2019-08-16,53.02,53.759998,52.150002,52.470001,52.470001,6013500,97
2019-08-19,51.599998,53.549999,50.509998,51.68,51.68,26211300,98
2019-08-20,51.470001,54.419998,51.110001,53.650002,53.650002,11093600,99
2019-08-21,53.810001,54.689999,52.860001,54.150002,54.150002,6535700,100
2019-08-22,53.540001,54.330002,51.279999,51.360001,51.360001,6492100,101
2019-08-23,51.360001,51.560001,48.220001,49.110001,49.110001,9548600,102
2019-08-26,50.200001,51.5,49.720001,51.209999,51.209999,7189600,103
2019-08-27,51.240002,51.299999,48.720001,49.610001,49.610001,6308100,104
2019-08-28,49.310001,49.48,48.220001,48.84,48.84,4792300,105
2019-08-29,49.349998,50.200001,48.639999,49.73,49.73,5729600,106
2019-08-30,49.860001,49.939999,47.869999,48.970001,48.970001,5593700,107
2019-09-03,48.23,48.950001,45.400002,45.419998,45.419998,9135200,108
2019-09-04,45.700001,46.799999,44.75,46.349998,46.349998,8567100,109
2019-09-05,47.700001,47.810001,46.060001,46.400002,46.400002,8452200,110
2019-09-06,46.650002,46.650002,44.119999,44.5,44.5,9667700,111
2019-09-09,44.509998,45.16,44.009998,44.380001,44.380001,11125300,112
2019-09-10,44.049999,46.040001,43.41,45.450001,45.450001,7963900,113
2019-09-11,45.25,49.150002,45.099998,46.529999,46.529999,13488800,114
2019-09-12,46.720001,47.459999,46,46.990002,46.990002,5028600,115
2019-09-13,46.889999,46.990002,46.009998,46.099998,46.099998,4094100,116
2019-09-16,46.630001,49,46.549999,47.790001,47.790001,8634800,117
2019-09-17,48.310001,48.419998,46.82,48.060001,48.060001,4336500,118
2019-09-18,47.75,47.869999,45.830002,46.619999,46.619999,8006500,119
2019-09-19,46.830002,48.382999,46.630001,47.279999,47.279999,7964200,120
2019-09-20,47.450001,47.5,45.91,46.43,46.43,15210500,121
2019-09-23,46.310001,46.630001,45,45.310001,45.310001,6581900,122
2019-09-24,45.25,45.32,41.700001,41.880001,41.880001,9873800,123
2019-09-25,41.970001,42.029999,40.310001,41.779999,41.779999,9831400,124
2019-09-26,41.669998,42.137001,40.669998,41.900002,41.900002,5504000,125
2019-09-27,42.889999,42.900002,40.860001,41.349998,41.349998,6425000,126
2019-09-30,41.41,41.59,40.560001,40.84,40.84,3910300,127
2019-10-01,40.82,40.959999,38.68,39.57,39.57,8109700,128
2019-10-02,38.630001,39.305,37.919998,38.389999,38.389999,7859300,129
2019-10-03,38.439999,39.66,38.009998,39.52,39.52,5126400,130
2019-10-04,39.380001,39.740002,38.32,39.16,39.16,3677600,131
2019-10-07,39.549999,40.130001,39.113998,39.240002,39.240002,3901800,132
2019-10-08,38.799999,39.240002,38.07,38.66,38.66,3318200,133
2019-10-09,38.700001,38.75,38.009998,38.200001,38.200001,4088800,134
2019-10-10,38.389999,38.700001,37.068001,37.700001,37.700001,7305600,135
2019-10-11,37.900002,39.919998,37.900002,39.485001,39.485001,6901000,136
2019-10-14,39.93,40.310001,39.25,39.799999,39.799999,4574400,137
2019-10-15,39.799999,41.18,39.650002,41.080002,41.080002,5675800,138
2019-10-16,40.900002,41.02,39.849998,40.509998,40.509998,4502600,139
2019-10-17,40.529999,42.07,40.209999,41.669998,41.669998,6167400,140
2019-10-18,41.610001,41.66,40.349998,40.790001,40.790001,5511300,141
2019-10-21,41.25,41.669998,40.57,40.880001,40.880001,3016400,142
2019-10-22,41.150002,45.360001,40.060001,43.560001,43.560001,19543800,143
2019-10-23,43.669998,44.189999,42.880001,43.080002,43.080002,4773400,144
2019-10-24,43.009998,43.75,42.119999,43.720001,43.720001,4101700,145
2019-10-25,43.709999,44.68,43.380001,44.540001,44.540001,5057100,146
2019-10-28,44.68,44.779999,43.549999,44.419998,44.419998,4596300,147
2019-10-29,44.25,44.25,42.580002,43.68,43.68,3763800,148
2019-10-30,43.450001,44.209999,43,44.110001,44.110001,7938500,149
2019-10-31,45.630001,45.82,41.16,41.439999,41.439999,16193000,150
2019-11-01,41.700001,43.32,41.580002,42.98,42.98,7492200,151
2019-11-04,43,43.799999,42.369999,42.830002,42.830002,6177900,152
2019-11-05,42.400002,43.09,41.25,41.369999,41.369999,6618200,153
2019-11-06,40.599998,43.275002,40.48,42.919998,42.919998,9550000,154
2019-11-07,43.310001,43.639999,42.27,43.290001,43.290001,6012800,155
2019-11-08,43.23,43.380001,42.529999,43.23,43.23,4860400,156
2019-11-11,42.849998,43.009998,41.799999,42.970001,42.970001,3839900,157
2019-11-12,42.740002,43.450001,42.200001,42.330002,42.330002,4293400,158
2019-11-13,42.200001,43.43,42.009998,43.299999,43.299999,3993200,159
2019-11-14,42.830002,42.91,40.650002,41.919998,41.919998,8868300,160
2019-11-15,42.18,43.93,41.73,43.040001,43.040001,7362600,161
2019-11-18,43.290001,45.360001,42.799999,44.860001,44.860001,9062500,162
2019-11-19,45,45,43.810001,44.150002,44.150002,3740700,163
2019-11-20,44,44.540001,42.77,43.950001,43.950001,7547700,164
2019-11-21,44.240002,46.830002,44.099998,46.759998,46.759998,10806900,165
2019-11-22,46.700001,47.200001,46.23,46.459999,46.459999,6344600,166
2019-11-25,46.5,49.330002,46.470001,48.939999,48.939999,9645800,167
2019-11-26,48.490002,49.785,48.169998,49,49,6769300,168
2019-11-27,49.290001,49.75,48.799999,49.369999,49.369999,3044300,169
2019-11-29,49,49.689999,48.650002,48.98,48.98,1702300,170
2019-12-02,49.080002,49.110001,47.169998,47.389999,47.389999,4324500,171
2019-12-03,46.549999,47.560001,46.080002,47.509998,47.509998,2870100,172
2019-12-04,47.810001,48.082001,46.939999,47.314999,47.314999,3144800,173
2019-12-05,47.09,47.18,44.049999,45.064999,45.064999,13027800,174
2019-12-06,45,45.450001,44.169998,45.200001,45.200001,5043100,175
2019-12-09,45.200001,46.09,44.880001,45.419998,45.419998,2771000,176
2019-12-10,45.689999,45.689999,45.07,45.259998,45.259998,2888300,177
2019-12-11,45.369999,47.550999,45.279999,47.360001,47.360001,3803000,178
2019-12-12,47.23,47.439999,46.470001,46.599998,46.599998,4694700,179
2019-12-13,46.740002,47.669998,46.599998,46.75,46.75,3011700,180
2019-12-16,47.060001,49.307999,46.98,47.93,47.93,9094200,181
2019-12-17,48.240002,48.25,47.220001,47.5,47.5,4077800,182
2019-12-18,47.27,47.639999,46.849998,47.009998,47.009998,3577200,183
2019-12-19,46.790001,47,46.02,46.279999,46.279999,4477700,184
2019-12-20,46.25,48.540001,46.220001,47.919998,47.919998,16993300,185
2019-12-23,47.91,48,45.259998,45.540001,45.540001,10834700,186
2019-12-24,45.619999,46.200001,45.610001,45.700001,45.700001,2512000,187
2019-12-26,45.700001,45.810001,45.009998,45.73,45.73,5179100,188
2019-12-27,45.900002,46.200001,45.169998,45.84,45.84,4454600,189
2019-12-30,45.599998,45.674,43.049999,43.5,43.5,8655100,190
2019-12-31,43,43.605,42.776001,43.02,43.02,5499600,191
2020-01-02,43.220001,44.07,43.165001,43.580002,43.580002,3912100,192
2020-01-03,42.849998,43.360001,42.233002,43.189999,43.189999,4407200,193
2020-01-06,42.790001,43.810001,42.380001,43.099998,43.099998,4964600,194
2020-01-07,43.18,44.700001,43.029999,44.25,44.25,4773500,195
2020-01-08,44.139999,45.740002,43.869999,45.080002,45.080002,5636300,196
2020-01-09,45.16,45.959999,44.52,45.59,45.59,4640800,197
2020-01-10,45.59,46.240002,45.360001,46.060001,46.060001,4512000,198
2020-01-13,46.310001,46.450001,45.130001,46.349998,46.349998,3796300,199
2020-01-14,46.360001,48,46.259998,47.68,47.68,4940500,200
2020-01-15,47.639999,48.060001,46.84,47.080002,47.080002,3179900,201
2020-01-16,47.549999,47.549999,46.110001,46.830002,46.830002,3354500,202
2020-01-17,47,47,46.02,46.52,46.52,3498700,203
2020-01-21,46.5,48.77,46.360001,47.98,47.98,6253100,204
2020-01-22,48.189999,48.950001,47.32,47.470001,47.470001,4134700,205
2020-01-23,47.48,48.919998,47.099998,48.48,48.48,4143100,206
2020-01-24,48.669998,49.540001,47.619999,48.43,48.43,5475100,207
2020-01-27,46.830002,47.650002,46.130001,47.360001,47.360001,3803000,208
2020-01-28,47.77,48.349998,47.459999,48.209999,48.209999,2876600,209
2020-01-29,47.970001,48.639999,46.360001,46.84,46.84,7489400,210
2020-01-30,46.650002,47.889999,46.5,47.790001,47.790001,3100600,211
2020-01-31,47.41,47.669998,46.48,47.48,47.48,4001500,212
2020-02-03,47.630001,48.59,47.32,47.959999,47.959999,2659500,213
2020-02-04,48.5,50.959999,48.110001,50,50,8123600,214
2020-02-05,50.400002,50.470001,47.700001,48.060001,48.060001,6061900,215
2020-02-06,48.450001,48.669998,46.830002,47.419998,47.419998,7127500,216
2020-02-07,49.099998,50.040001,47.580002,49.919998,49.919998,12516200,217
2020-02-10,50.82,53.919998,50.330002,53.720001,53.720001,15370400,218
2020-02-11,54.490002,54.5,52.919998,53.939999,53.939999,20414400,219
2020-02-12,51.25,51.299999,48.419998,48.459999,48.459999,36622800,220
2020-02-13,48.450001,49.389999,47,47.029999,47.029999,15660200,221
2020-02-14,47.119999,47.150002,44.68,44.689999,44.689999,21569300,222
2020-02-18,44.59,45.43,44.07,45.099998,45.099998,8393100,223
2020-02-19,45.259998,46.330002,44.439999,46.240002,46.240002,7439100,224
2020-02-20,46,46.759998,44.578999,45.470001,45.470001,8489100,225
2020-02-21,45.23,45.560001,44.529999,44.700001,44.700001,4305700,226
2020-02-24,42.09,42.610001,41,42.52,42.52,11644600,227
2020-02-25,43.34,44.18,41.599998,41.82,41.82,11628300,228
2020-02-26,41.919998,42.16,39.310001,39.860001,39.860001,12062400,229
2020-02-27,37.619999,39.5,35,37.779999,37.779999,14781800,230
2020-02-28,36.009998,38.119999,35.860001,38.119999,38.119999,9356600,231
2020-03-02,38.490002,38.490002,36.099998,36.91,36.91,11296300,232
2020-03-03,37.310001,38.23,35.209999,36.970001,36.970001,10440900,233
2020-03-04,38.119999,41.299999,37.439999,40.27,40.27,14959900,234
2020-03-05,38.735001,39.470001,36.57,37.080002,37.080002,11190300,235
2020-03-06,35.990002,37.98,35.459999,36.02,36.02,9436000,236
2020-03-09,32.490002,34.650002,31.639999,32.810001,32.810001,8987200,237
2020-03-10,34.150002,34.641998,30.606001,32.889999,32.889999,9774800,238
2020-03-11,31.49,31.799999,26.683001,29.01,29.01,19837300,239
2020-03-12,24.370001,26.4,23.870001,23.879999,23.879999,13630900,240
2020-03-13,25.5,25.59,22.636,24.17,24.17,12495000,241
2020-03-16,20.200001,21.4,18.809999,19.120001,19.120001,14451100,242
2020-03-17,19.379999,20.57,16.5,18.66,18.66,18864800,243
2020-03-18,17.16,17.870001,14.562,16.049999,16.049999,16577200,244
2020-03-19,16.299999,21.98,15.32,20.700001,20.700001,20139200,245
2020-03-20,22.379999,24.860001,20.75,21.27,21.27,17599300,246
2020-03-23,20.733999,22.799999,19.139999,22.610001,22.610001,10885100,247
2020-03-24,24.58,27.42,23.49,27.059999,27.059999,12634400,248
2020-03-25,27.389999,30.92,26.530001,27.950001,27.950001,14107700,249
2020-03-26,28.559999,30.67,27.950001,29.940001,29.940001,9461800,250
2020-03-27,28.24,29.15,26.93,27.6,27.6,10169000,251
2020-03-30,26.809999,28.389999,25.299999,26.92,26.92,8729500,252
2020-03-31,26.700001,28,26.200001,26.85,26.85,5773200,253
2020-04-01,25.6,26.110001,23.379999,23.5,23.5,8898400,254
2020-04-02,23.030001,24.049999,21.620001,22.450001,22.450001,11528200,255
2020-04-03,22.440001,23.030001,20.84,22,22,7375600,256
2020-04-06,23.65,25.959999,23.34,25.73,25.73,9557300,257
2020-04-07,28.120001,29.76,26.360001,27.5,27.5,13303100,258
2020-04-08,28.35,29.780001,27.299999,29.639999,29.639999,8914400,259
2020-04-09,30.280001,32.299999,29.809999,30.33,30.33,11335800,260
2020-04-13,30.280001,31.190001,29.030001,30.66,30.66,6697400,261
2020-04-14,31.23,32.18,29.74,30.5,30.5,5713400,262
2020-04-15,29.27,29.450001,28.27,28.389999,28.389999,6825200,263
2020-04-16,28.450001,28.700001,27.014999,27.139999,27.139999,6881400,264
2020-04-17,28.83,29.969999,28.23,29.07,29.07,8437400,265
2020-04-20,28.200001,30.299999,28.01,30.1,30.1,6190400,266
2020-04-21,29.959999,30.43,28.799999,29.25,29.25,5670000,267
2020-04-22,29.799999,30.85,29.120001,30.700001,30.700001,4311000,268
2020-04-23,30.940001,31.780001,30.040001,30.09,30.09,5174200,269
2020-04-24,30.51,31.99,29.83,31.959999,31.959999,4926500,270
2020-04-27,32.27,34.84,32.02,34.32,34.32,9839300,271
2020-04-28,35,35.110001,32.419998,32.740002,32.740002,7842500,272
2020-04-29,33.73,34.709999,33.060001,34.060001,34.060001,6245200,273
2020-04-30,33.450001,34.369999,32.419998,32.830002,32.830002,4624500,274
2020-05-01,31.219999,31.889999,29.35,29.605,29.605,7339100,275
2020-05-04,28.780001,29,26.27,27.030001,27.030001,13393000,276
2020-05-05,27.799999,28.440001,26.551001,26.68,26.68,10336200,277
2020-05-06,26.49,26.67,25.190001,26.120001,26.120001,17790700,278
2020-05-07,30.280001,33.580002,29.51,31.780001,31.780001,34466300,279
2020-05-08,32.23,33.560001,32.23,32.73,32.73,11886600,280
2020-05-11,31.799999,32.150002,30.620001,31.360001,31.360001,12014700,281
2020-05-12,31.09,32.080002,29.35,29.530001,29.530001,13414500,282
2020-05-13,29.75,29.9,27.110001,28.370001,28.370001,15032500,283
2020-05-14,27.700001,27.965,26.129999,27.719999,27.719999,12560300,284
2020-05-15,27.52,28.26,26.93,28.15,28.15,6881200,285
2020-05-18,29.870001,31.08,29.389999,30.43,30.43,11935000,286
2020-05-19,30.48,31.639999,29.559999,30.690001,30.690001,8398900,287
2020-05-20,31.4,31.950001,30.08,30.82,30.82,8503900,288
2020-05-21,30.74,30.91,29.57,30.389999,30.389999,6281300,289
2020-05-22,30.309999,31.27,29.57,31.26,31.26,6699300,290
2020-05-26,32.48,33.18,31.4,32.470001,32.470001,9085100,291
2020-05-27,32.950001,33.884998,31.389999,33.75,33.75,9270500,292
2020-05-28,33.419998,33.564999,31.52,31.73,31.73,6816200,293
2020-05-29,31.459999,32.040001,30.620001,31.26,31.26,6817100,294
2020-06-01,30.93,32.666,30.549999,32.59,32.59,8371200,295
2020-06-02,32.799999,33.009998,31.5,31.68,31.68,6809800,296
2020-06-03,33.73,35.562,33.5,34.439999,34.439999,16778400,297
2020-06-04,34.709999,36.75,34.096001,36.075001,36.075001,11770300,298
2020-06-05,37.919998,39.650002,37.860001,38.610001,38.610001,12285300,299
2020-06-08,39.93,41.189999,39.23,40.98,40.98,11217900,300
2020-06-09,39.75,40.09,38.779999,39.209999,39.209999,7989400,301
2020-06-10,39.41,39.610001,37.599998,38.560001,38.560001,9524800,302
2020-06-11,36.169998,37.66,35.049999,35.32,35.32,12443600,303
2020-06-12,37.25,37.490002,35.950001,36.889999,36.889999,12055200,304
2020-06-15,35.400002,36.41,34.417999,36.209999,36.209999,19440700,305
2020-06-16,38.099998,38.380001,36.419998,36.709999,36.709999,9045000,306
2020-06-17,36.869999,36.919998,35.314999,35.32,35.32,6225900,307
2020-06-18,35.049999,36.049999,34.799999,35.830002,35.830002,5841900,308
2020-06-19,36.369999,37.080002,34.639999,34.82,34.82,8550600,309
2020-06-22,34.799999,34.93,32.950001,34.25,34.25,9522400,310
2020-06-23,34.709999,35.73,34.189999,35.599998,35.599998,7034400,311
2020-06-24,35.080002,35.334999,32.740002,32.794998,32.794998,11275400,312
2020-06-25,32.34,33.417,31.93,33.189999,33.189999,9310000,313
2020-06-26,32.869999,33.169998,31.83,32.27,32.27,11900900,314
2020-06-29,32.34,33.380001,31.040001,33.060001,33.060001,6745800,315
2020-06-30,32.77,33.34,32.220001,33.009998,33.009998,5410000,316
2020-07-01,33.209999,33.669998,31.83,32,32,6358900,317
2020-07-02,32.720001,33.389999,31.68,31.82,31.82,6162500,318
2020-07-06,32.84,33.5,32.049999,33.220001,33.220001,8338900,319
2020-07-07,32.759998,32.895,30.860001,30.940001,30.940001,9092900,320
2020-07-08,31.07,32.34,30.709999,32.18,32.18,7687900,321
2020-07-09,32.139999,32.16,29.620001,29.9,29.9,9671600,322
2020-07-10,30.049999,30.860001,29.360001,30.700001,30.700001,6055800,323
2020-07-13,30.860001,31.200001,28.68,28.809999,28.809999,9037100,324
2020-07-14,28.41,28.42,27.51,27.92,27.92,9524300,325
2020-07-15,28.879999,30.825001,28.790001,30.780001,30.780001,11125400,326
2020-07-16,30.139999,30.18,28.780001,29.58,29.58,7299500,327
2020-07-17,29.59,30.15,29.110001,29.73,29.73,5232400,328
2020-07-20,29.559999,30.639999,29.209999,30.57,30.57,5673900,329
2020-07-21,30.84,31.27,30.18,30.49,30.49,5487400,330
2020-07-22,30.155001,30.93,30.049999,30.84,30.84,5087200,331
2020-07-23,30.610001,31.68,30.26,30.860001,30.860001,6052400,332
2020-07-24,30.5,30.610001,29.09,30.42,30.42,7728400,333
2020-07-27,30.559999,30.690001,29.440001,29.889999,29.889999,4445900,334
2020-07-28,29.700001,30.049999,29.35,29.49,29.49,4018700,335
2020-07-29,29.74,30.129999,29.434999,29.889999,29.889999,3932400,336
2020-07-30,29.34,29.549999,28.690001,29.48,29.48,5664800,337
2020-07-31,29.700001,29.806999,28.68,29.23,29.23,5466800,338
2020-08-03,29.25,29.360001,28.66,29.09,29.09,4203900,339
2020-08-04,29,30.58,28.950001,30.5,30.5,7333200,340
2020-08-05,30.75,31.030001,30.26,30.889999,30.889999,4281000,341
2020-08-06,30.73,32.775002,30.690001,32.34,32.34,7581200,342
2020-08-07,31.139999,31.139999,29.51,30.190001,30.190001,11184600,343
2020-08-10,30.27,31.6,29.530001,31.049999,31.049999,11740900,344
2020-08-11,30.719999,31.450001,30.43,30.65,30.65,9798200,345
2020-08-12,30.99,31.620001,30.35,30.52,30.52,12286600,346
2020-08-13,29.690001,29.879999,28.73,28.879999,28.879999,18662700,347
2020-08-14,28.549999,28.98,28.07,28.51,28.51,9606500,348
2020-08-17,28.358999,28.419001,26.52,27.17,27.17,14004400,349
2020-08-18,27.153,28.030001,26.959999,27.940001,27.940001,11469800,350
2020-08-19,27.733999,28.700001,27.719999,28.139999,28.139999,7487700,351
2020-08-20,27.799999,30.91,25.74,29.76,29.76,56019000,352
2020-08-21,29.459999,30.23,28.629999,28.93,28.93,12728300,353
2020-08-24,29.049999,29.267,28.25,28.98,28.98,6044400,354
2020-08-25,28.940001,29.190001,28.469999,29.01,29.01,5067500,355
2020-08-26,29,29.940001,28.9,29.52,29.52,6895000,356
2020-08-27,29.68,29.799999,28.945,29.700001,29.700001,6494500,357
2020-08-28,29.99,30.82,29.709999,30.77,30.77,7747700,358
2020-08-31,30.639999,30.865999,29.594999,29.67,29.67,4815200,359
2020-09-01,29.530001,29.870001,28.93,29.43,29.43,5622000,360
2020-09-02,29.4,29.535,28.290001,28.610001,28.610001,9083400,361
2020-09-03,28.780001,29.35,28.040001,28.559999,28.559999,10351100,362
2020-09-04,28.629999,29.17,27.17,28.969999,28.969999,7066400,363
2020-09-08,28.23,30.950001,28.040001,30.1,30.1,10688900,364
2020-09-09,29.809999,30.5,29.24,29.870001,29.870001,8865200,365
2020-09-10,30.209999,31.200001,29.33,29.51,29.51,8130600,366
2020-09-11,29.77,31.207001,29.57,30.76,30.76,9865700,367
2020-09-14,30.83,32.154999,30.83,31.969999,31.969999,9740000,368
2020-09-15,32.259998,32.27,30.049999,30.23,30.23,14197200,369
2020-09-16,30.16,31.1,30.16,30.700001,30.700001,8438100,370
2020-09-17,30,31.370001,29.58,31.24,31.24,9536700,371
2020-09-18,31.24,31.290001,30.190001,30.59,30.59,8020000,372
2020-09-21,29.540001,29.791,28.440001,28.9,28.9,9288300,373
2020-09-22,29.17,29.172001,28,28.309999,28.309999,9349500,374
2020-09-23,28.27,28.559999,26.959999,26.969999,26.969999,6471800,375
2020-09-24,26.860001,27.469999,26.51,26.77,26.77,8672100,376
2020-09-25,26.66,27.530001,26.52,27.530001,27.530001,5470400,377
2020-09-28,28.139999,28.445,27.715,28.049999,28.049999,7257100,378
2020-09-29,27.950001,27.950001,27.122,27.139999,27.139999,5938600,379
2020-09-30,27.360001,28.110001,27.34,27.549999,27.549999,7196300,380
2020-10-01,28,28.360001,27.565001,27.809999,27.809999,7132300,381
2020-10-02,26.9,27.940001,26.75,27.629999,27.629999,6786200,382
2020-10-05,27.83,28.059999,26.65,26.690001,26.690001,10741000,383
2020-10-06,27.08,27.370001,26.24,26.41,26.41,9303900,384
2020-10-07,26.75,26.9,26.110001,26.27,26.27,10848600,385
2020-10-08,26.469999,27.59,26.370001,27.209999,27.209999,13330700,386
2020-10-09,27.52,28.09,27.450001,27.799999,27.799999,6724300,387
2020-10-12,27.92,27.92,26.93,27.24,27.24,6813300,388
2020-10-13,27.139999,27.200001,26.325001,26.33,26.33,8732100,389
2020-10-14,26.5,26.959999,26.159,26.75,26.75,7877200,390
2020-10-15,26.35,26.360001,25.530001,25.6,25.6,9010500,391
2020-10-16,25.83,25.83,25.209999,25.530001,25.530001,6769800,392
2020-10-19,25.700001,25.790001,24.6,24.629999,24.629999,9830200,393
2020-10-20,24.959999,25.629999,24.545,25.129999,25.129999,11399000,394
2020-10-21,24.969999,25,24.17,24.66,24.66,10514100,395
2020-10-22,24.799999,25.700001,24.700001,25.58,25.58,7329600,396
2020-10-23,25.42,26.219999,25.07,26.02,26.02,8124600,397
2020-10-26,25.68,26.02,24.68,24.84,24.84,7230200,398
2020-10-27,24.76,24.789,22.889999,22.940001,22.940001,15308000,399
2020-10-28,22.440001,22.620001,21.34,22.23,22.23,17627600,400
2020-10-29,22.23,23.27,21.91,22.93,22.93,7482600,401
2020-10-30,22.82,23.43,22.4,22.83,22.83,8012800,402
2020-11-02,23.190001,24.67,22.9,24.5,24.5,12181700,403
2020-11-03,24.91,26.6,24.860001,26.23,26.23,16311400,404
2020-11-04,31.700001,32.119999,28.309999,29.190001,29.190001,60939000,405
2020-11-05,29.091,29.75,28.719999,29.030001,29.030001,12774700,406
2020-11-06,28.65,30.33,27.93,29.84,29.84,16028400,407
2020-11-09,35.004002,37.98,34.959999,37.689999,37.689999,36882200,408
2020-11-10,36.779999,38.057999,35.889999,36.049999,36.049999,22041700,409
2020-11-11,37.287998,38.900002,35.860001,36.41,36.41,30160800,410
2020-11-12,35.459999,37.810001,35.43,36.459999,36.459999,13324300,411
2020-11-13,36.75,37.744999,35.970001,37.540001,37.540001,8256600,412
2020-11-16,39.040001,40.009998,38.709999,39.919998,39.919998,12649100,413
2020-11-17,38.860001,40.439999,38.720001,39.419998,39.419998,8342900,414
2020-11-18,39.810001,41.408001,39.52,39.77,39.77,8909500,415
2020-11-19,39.599998,40.75,39.119999,40.110001,40.110001,7658400,416
2020-11-20,40.169998,40.299999,37.73,38.099998,38.099998,12373000,417
2020-11-23,38.540001,39.950001,38.439999,39.349998,39.349998,9408300,418
2020-11-24,40.400002,40.400002,39.18,39.490002,39.490002,9086200,419
2020-11-25,39,39.599998,38.200001,39.52,39.52,5409700,420
2020-11-27,39.369999,39.900002,38.77,39.040001,39.040001,3664800,421
2020-11-30,38.790001,39.349998,37.630001,38.169998,38.169998,5303100,422
2020-12-01,39.080002,40.869999,38.73,39.610001,39.610001,6965000,423
2020-12-02,39.025002,43.860001,38.200001,43.400002,43.400002,17157800,424
2020-12-03,43.41,44.060001,42.400002,43.099998,43.099998,8617000,425
2020-12-04,43.400002,46.139999,43.400002,46.099998,46.099998,10547900,426
2020-12-07,47.349998,47.749001,46.029999,46.555,46.555,8608200,427
2020-12-08,46.040001,47.900002,46.040001,46.52,46.52,7448800,428
2020-12-09,47.23,48.75,46.23,47.529999,47.529999,11669100,429
2020-12-10,46.650002,48.650002,45.810001,48.110001,48.110001,7236600,430
2020-12-11,48.029999,49.169998,46.43,46.869999,46.869999,7040700,431
2020-12-14,47.622002,48.400002,46.630001,46.77,46.77,6105900,432
2020-12-15,46.990002,49.327,46.970001,49.299999,49.299999,6935700,433
2020-12-16,49.299999,50.369999,49.299999,49.91,49.91,8864800,434
2020-12-17,49.849998,50.549999,49.095001,49.470001,49.470001,5987300,435
2020-12-18,49.43,50.150002,48.549999,49.98,49.98,7041400,436
2020-12-21,48.009998,50.360001,47.645,49.91,49.91,7660200,437
2020-12-22,50.110001,50.18,48.93,49.509998,49.509998,4437700,438
2020-12-23,49.75,50.549999,49.52,50.07,50.07,5988100,439
2020-12-24,50.02,50.07,48.689999,48.860001,48.860001,1939700,440
2020-12-28,49.25,49.889999,48.369999,49.77,49.77,3321400,441
2020-12-29,49.509998,50.23,48.740002,49.25,49.25,6320200,442
2020-12-30,49.380001,50.790001,48.860001,50.34,50.34,5569900,443
2020-12-31,50.259998,50.299999,49.049999,49.130001,49.130001,3224100,444
2021-01-04,49.380001,50.02,46.509998,47.279999,47.279999,6214700,445
2021-01-05,47.02,49.240002,46.599998,48.849998,48.849998,5338100,446
2021-01-06,48.98,49.139999,46.919998,47.459999,47.459999,7678800,447
2021-01-07,48.09,49.27,48.09,48.84,48.84,6651100,448
2021-01-08,48.740002,48.950001,46.84,47.5,47.5,5068300,449
2021-01-11,46.619999,48.860001,46.060001,48.369999,48.369999,5472200,450
2021-01-12,48.459999,51.110001,47.490002,50.68,50.68,14867900,451
2021-01-13,50.139999,51.240002,49.139999,49.779999,49.779999,6696400,452
2021-01-14,50.279999,50.950001,48.209999,48.744999,48.744999,4646600,453
2021-01-15,48.630001,49.029999,47.544998,47.880001,47.880001,4187600,454
2021-01-19,48.619999,49.93,47.810001,48.959999,48.959999,6293000,455
2021-01-20,49.275002,50.25,48.529999,48.939999,48.939999,4810000,456
2021-01-21,49.09,49.259998,47.900002,48.099998,48.099998,4422400,457
2021-01-22,47.810001,48.049999,47.009998,47.810001,47.810001,3493400,458
2021-01-25,47.759998,47.759998,44.110001,47.139999,47.139999,7314400,459
2021-01-26,47.470001,48.785,46.759998,46.900002,46.900002,5446500,460
2021-01-27,45.640999,45.880001,42.939999,43.619999,43.619999,8946400,461
2021-01-28,44.75,46.860001,44.330002,46.220001,46.220001,6464700,462
2021-01-29,45.779999,46.150002,43.66,44.459999,44.459999,5631200,463
2021-02-01,45.560001,45.830002,44.75,45.509998,45.509998,6732600,464
2021-02-02,46.099998,48.32,46.099998,47.5,47.5,7043300,465
2021-02-03,47.889999,49.740002,47.209999,49.41,49.41,5047200,466
2021-02-04,49.84,52.310001,49.549999,51.77,51.77,6853200,467
2021-02-05,52.25,53.540001,52.139999,53.119999,53.119999,6222500,468
2021-02-08,53.310001,54.75,52.599998,53.41,53.41,5460000,469
2021-02-09,52.939999,54.790001,52.700001,53.639999,53.639999,11509000,470
2021-02-10,58.5,59.400002,55.259998,56.209999,56.209999,20503900,471
2021-02-11,55.759998,57.599998,55.400002,57.07,57.07,10478600,472
2021-02-12,56.200001,57.68,55.299999,57.650002,57.650002,6414900,473
2021-02-16,58.150002,58.919998,57.380001,58.455002,58.455002,7250300,474
2021-02-17,57.91,58.259998,55.759998,58.110001,58.110001,4477700,475
2021-02-18,57,58.32,56.450001,57.07,57.07,7219000,476
2021-02-19,57.669998,59.82,57.509998,58.93,58.93,9238000,477
2021-02-22,58.139999,59.470001,56.700001,56.82,56.82,7936000,478
2021-02-23,55.790001,58.25,54.540001,57.720001,57.720001,5851700,479
2021-02-24,57.639999,59.66,56.689999,59.130001,59.130001,6370900,480
2021-02-25,59.060001,59.490002,55.110001,55.91,55.91,7030300,481
2021-02-26,55.740002,57.189999,54.860001,55.700001,55.700001,4477400,482
2021-03-01,56.959999,58.355,56.639999,57.34,57.34,4094700,483
2021-03-02,57.509998,58.16,56.720001,57.060001,57.060001,3845300,484
2021-03-03,59.700001,63.580002,57.98,61.759998,61.759998,23938800,485
2021-03-04,61.5,63.259998,59.439999,61.869999,61.869999,13491600,486
2021-03-05,63.16,65.089996,60.98,64.120003,64.120003,14017600,487
2021-03-08,65.339996,65.949997,63.779999,64.309998,64.309998,8828300,488
2021-03-09,65.050003,65.18,61.759998,62.34,62.34,8113400,489
2021-03-10,62.68,63.900002,61.134998,61.310001,61.310001,7269700,490
2021-03-11,62.290001,64.910004,62.199001,62.720001,62.720001,5778600,491
2021-03-12,62.490002,66.900002,61.73,66.370003,66.370003,8332600,492
2021-03-15,66.330002,67.800003,64.870003,67.419998,67.419998,8146200,493
2021-03-16,67.339996,67.779999,63.939999,64.690002,64.690002,6503300,494
2021-03-17,64.989998,66.300003,64.235001,65.93,65.93,5639700,495
2021-03-18,66.43,68.279999,65.519997,66.080002,66.080002,8046800,496
2021-03-19,65.559998,67.470001,64.230003,66.559998,66.559998,6036300,497
2021-03-22,66.68,66.970001,63.959999,64.160004,64.160004,5067200,498
2021-03-23,63.801998,64.160004,60.860001,61.560001,61.560001,5399100,499
2021-03-24,62.369999,63.75,60.889999,60.970001,60.970001,3239300,500
2021-03-25,59.91,63.880001,59.540001,63.57,63.57,4677100,501
2021-03-26,64.714996,65.419998,63.349998,64.510002,64.510002,4384900,502
2021-03-29,64.489998,65.190002,63.450001,63.619999,63.619999,3171800,503
2021-03-30,63.610001,63.939999,62.330002,63.049999,63.049999,3475500,504
2021-03-31,62.970001,63.959999,61.41,63.18,63.18,5822100,505
2021-04-01,63.450001,64.684998,62.07,64.639999,64.639999,5154600,506
2021-04-05,65.550003,65.940002,63.549999,64.470001,64.470001,4202300,507
2021-04-06,64.529999,65.349998,64.120003,64.239998,64.239998,3730500,508
2021-04-07,63.849998,64.139999,60.790001,60.959999,60.959999,6128900,509
2021-04-08,61.110001,62.139999,60.52,62.009998,62.009998,4918700,510
2021-04-09,61.5,61.748001,59.709999,60.970001,60.970001,7642800,511
2021-04-12,61.257999,62.25,59.029999,59.849998,59.849998,8687600,512
2021-04-13,59.259998,62.380001,58.349998,62.330002,62.330002,5672900,513
2021-04-14,62.34,64.989998,62.290001,62.799999,62.799999,5163700,514
2021-04-15,63.470001,65.014999,62.740002,64.440002,64.440002,5304900,515
2021-04-16,64.470001,64.870003,63.139999,63.400002,63.400002,3292800,516
2021-04-19,62.939999,63.540001,61.615002,61.869999,61.869999,3871600,517
2021-04-20,61.73,62.040001,58.799999,60.799999,60.799999,5179600,518
2021-04-21,60.310001,61.380001,59.130001,60.740002,60.740002,5305500,519
2021-04-22,60.759998,62.52,59.91,61,61,4749200,520
2021-04-23,61.400002,63.810001,61.294998,63.700001,63.700001,4369000,521
2021-04-26,63.98,64.800003,62.945,63.060001,63.060001,4745000,522
2021-04-27,64.853996,65.639999,62.049999,62.139999,62.139999,9832700,523
2021-04-28,62.240002,64.080002,61.029999,63.400002,63.400002,4482200,524
2021-04-29,63.959999,63.959999,54.360001,57.099998,57.099998,27085900,525
2021-04-30,56.060001,58.060001,55.25,55.66,55.66,10841900,526
2021-05-03,56.299999,57.349998,56.029999,57.080002,57.080002,6547400,527
2021-05-04,56.189999,56.490002,53.48,56.189999,56.189999,14453700,528
2021-05-05,57.57,57.599998,52,52.630001,52.630001,25071200,529
2021-05-06,50.626999,51.27,48.709999,49.799999,49.799999,14933500,530
2021-05-07,50.549999,51.540001,49.645,50.07,50.07,7766100,531
2021-05-10,51.27,51.68,48.709999,49.16,49.16,7563700,532
2021-05-11,47.400002,49.849998,47.110001,48.82,48.82,6907100,533
2021-05-12,48.869999,49.77,46.34,46.889999,46.889999,10442500,534
2021-05-13,47.303001,48.255001,45.285,46.02,46.02,9573500,535
2021-05-14,47.110001,50.189999,46.970001,49.650002,49.650002,8314800,536
2021-05-17,49.25,50.119999,48.709999,49.709999,49.709999,4213300,537
2021-05-18,51.110001,53.16,51.039001,51.509998,51.509998,9206200,538
2021-05-19,49.889999,52.389999,49.75,52.209999,52.209999,5218200,539
2021-05-20,52.73,52.889999,50.509998,51.959999,51.959999,7883500,540
2021-05-21,52.490002,53.75,51.810001,52.32,52.32,4842100,541
2021-05-24,52.419998,54,51.98,53.310001,53.310001,5993700,542
2021-05-25,53.59,55.439999,52.650002,52.759998,52.759998,6658600,543
2021-05-26,53.099998,55.07,52.810001,54.919998,54.919998,6364700,544
2021-05-27,55.400002,56.330002,54.23,55.490002,55.490002,19935200,545
2021-05-28,55.290001,57.389999,55.220001,57.09,57.09,9039000,546
2021-06-01,57.341,59,56.73,58.759998,58.759998,6700900,547
2021-06-02,58.700001,59.120998,57.654999,58.459999,58.459999,4065400,548
2021-06-03,58,58,56.209999,56.32,56.32,4581300,549
2021-06-04,56.650002,57.514999,56.459999,57.400002,57.400002,2963100,550
2021-06-07,57.540001,59.080002,57.040001,58.560001,58.560001,4535400,551
2021-06-08,58.91,59.049999,56.349998,56.740002,56.740002,5714600,552
2021-06-09,56.939999,57.110001,55.360001,55.380001,55.380001,4140800,553
2021-06-10,56.130001,56.200001,54.540001,55.66,55.66,4991300,554
2021-06-11,55.73,56.400002,55.130001,56.110001,56.110001,3654300,555
2021-06-14,56.299999,60.299999,56.200001,58.41,58.41,8750900,556
2021-06-15,57.950001,58.27,56.700001,57.82,57.82,4098600,557
2021-06-16,57.830002,57.959999,56.040001,56.970001,56.970001,3881200,558
2021-06-17,56.75,59.68,56.619999,58.799999,58.799999,5242500,559
2021-06-18,58.799999,59.610001,57.695,58.48,58.48,4640500,560
2021-06-21,59.18,59.849998,57.790001,59.5,59.5,4559500,561
2021-06-22,59.380001,59.679001,58.040001,59.060001,59.060001,3429700,562
2021-06-23,59.544998,61.93,59.299999,61.41,61.41,4918400,563
2021-06-24,61.25,61.965,60.169998,61.779999,61.779999,3747000,564
2021-06-25,62.09,62.389999,60.66,61.5,61.5,10442700,565
2021-06-28,61.5,61.560001,58.59,58.73,58.73,5371000,566
2021-06-29,59.18,60.25,58.549999,59.990002,59.990002,3530900,567
2021-06-30,59.66,61.380001,59.66,60.48,60.48,3741600,568
2021-07-01,61.294998,62.900002,60.84,61.869999,61.869999,5423300,569
2021-07-02,62,63.07,61.610001,62.790001,62.790001,3507400,570
2021-07-06,62.619999,63,60.98,61.639999,61.639999,4470600,571
2021-07-07,61.73,61.880001,58.029999,58.75,58.75,5801300,572
2021-07-08,57.41,58.959999,56.540001,58.549999,58.549999,4062400,573
2021-07-09,59.220001,60.209999,58.560001,60.060001,60.060001,2677400,574
2021-07-12,60,60.299999,58.009998,58.07,58.07,3104400,575
2021-07-13,57.73,58.119999,56.799999,57.07,57.07,3346400,576
2021-07-14,57.5,57.73,55.424999,55.830002,55.830002,4103800,577
2021-07-15,55.860001,56.130001,54.220001,54.73,54.73,3593600,578
2021-07-16,55.02,55.509998,53.139999,53.400002,53.400002,4546600,579
2021-07-19,52.060001,52.18,50.540001,51.720001,51.720001,7056800,580
2021-07-20,52.009998,53.060001,50.779999,52.950001,52.950001,5018900,581
2021-07-21,53,56.119999,52.938,55.77,55.77,5955400,582
2021-07-22,55.75,56.075001,54.363998,55.139999,55.139999,4418900,583
2021-07-23,55.66,55.73,54.470001,54.900002,54.900002,2730200,584
2021-07-26,54.889999,55.900002,53.759998,54.389999,54.389999,3894400,585
2021-07-27,53.740002,53.990002,52.200001,53.32,53.32,3389600,586
2021-07-28,53.959999,55.790001,53.709999,55.77,55.77,4639100,587
2021-07-29,55.299999,57.529999,54.810001,56.740002,56.740002,4140100,588
2021-07-30,56.080002,56.685001,55.084999,55.32,55.32,2842200,589
2021-08-02,54.970001,57.759998,54.759998,56,56,4798900,590
2021-08-03,56.360001,56.360001,53.84,55.380001,55.380001,9309600,591
2021-08-04,54.035,54.27,49.439999,49.529999,49.529999,21655100,592
2021-08-05,49.599998,53.747002,49.529999,52.419998,52.419998,10310800,593
2021-08-06,52.509998,53.599998,52.220001,52.439999,52.439999,4536100,594
2021-08-09,52.119999,52.599998,51.169998,52.130001,52.130001,3872200,595
2021-08-10,52.580002,54.035,52.529999,53.849998,53.849998,3612600,596
2021-08-11,53.439999,54.040001,52.029999,53.91,53.91,4266600,597
2021-08-12,54.610001,54.82,53.02,53.82,53.82,3243400,598
2021-08-13,53.91,54.150002,52.943001,53.389999,53.389999,2776800,599
2021-08-16,52.580002,52.580002,50.365002,50.830002,50.830002,4082600,600
2021-08-17,50.049999,50.5,48.189999,49.110001,49.110001,5530100,601
2021-08-18,49.16,50.610001,48.889999,49.580002,49.580002,3198200,602
2021-08-19,49.200001,49.299999,46.352001,46.790001,46.790001,7034400,603
2021-08-20,46.341999,46.490002,44.77,45.889999,45.889999,11142100,604
2021-08-23,44.490002,47.25,44.060001,47.240002,47.240002,9545800,605
2021-08-24,47.419998,48.27,47.299999,47.669998,47.669998,7341500,606
2021-08-25,47.880001,49.560001,46.860001,49.43,49.43,5597600,607
2021-08-26,49.358002,50.450001,48.16,48.599998,48.599998,3069600,608
2021-08-27,48.115002,49.25,48.115002,48.389999,48.389999,2766900,609
2021-08-30,48.43,48.709999,46.919998,47.130001,47.130001,4307000,610
2021-08-31,47.16,48.099998,47.130001,47.610001,47.610001,5075600,611
2021-09-01,48,49.59,47.84,48.369999,48.369999,4550300,612
2021-09-02,49,49.967999,48.200001,49.299999,49.299999,3808300,613
2021-09-03,49.189999,49.189999,47.73,48.209999,48.209999,3745900,614
2021-09-07,48.580002,50.825001,48.450001,50.59,50.59,6125700,615
2021-09-08,50.48,51.240002,49.029999,49.810001,49.810001,3456300,616
2021-09-09,49.470001,51.115002,49.299999,50.509998,50.509998,3236100,617
2021-09-10,51.189999,51.700001,49.98,50.009998,50.009998,3333000,618
2021-09-13,50.945,52.549999,49.48,51.84,51.84,4018700,619
2021-09-14,51.59,52.209999,50.080002,50.529999,50.529999,5012700,620
2021-09-15,50.849998,51.200001,50.009998,51.009998,51.009998,3506300,621
2021-09-16,50.75,52.470001,50.580002,52.389999,52.389999,4322600,622
2021-09-17,52.77,53.09,51.619999,52.18,52.18,5396500,623
2021-09-20,50.43,52.080002,50.299999,51.119999,51.119999,4322700,624
2021-09-21,52.653,55.02,52.139999,54.450001,54.450001,8427100,625
2021-09-22,54.959999,55.77,54.509998,54.689999,54.689999,4972000,626
2021-09-23,55.419998,56.139999,54.810001,55.639999,55.639999,5155000,627
2021-09-24,55.07,56.16,55.009998,55.860001,55.860001,3322400,628
2021-09-27,55.779999,56.700001,55.490002,55.98,55.98,3253900,629
2021-09-28,55.700001,56.02,54.009998,54.18,54.18,2757800,630
2021-09-29,54.939999,54.939999,53.185001,53.32,53.32,3162800,631
2021-09-30,53.220001,53.950001,52.325001,53.59,53.59,3454500,632
2021-10-01,54.400002,55.759998,53.869999,55.48,55.48,4369200,633
2021-10-04,54.41,54.91,52.799999,53.68,53.68,3905400,634
2021-10-05,53.93,54.259998,52.889999,52.919998,52.919998,2881200,635
2021-10-06,52.59,54.400002,52.290001,54.16,54.16,3466300,636
2021-10-07,54.560001,56.099998,54.169998,54.700001,54.700001,3813900,637
2021-10-08,55.02,56.610001,54.310001,54.889999,54.889999,3234700,638
2021-10-11,54.790001,54.91,52.799999,52.799999,52.799999,2971100,639
2021-10-12,53,53.189999,52.150002,52.549999,52.549999,2978500,640
2021-10-13,52.52,53.450001,51.919998,53.240002,53.240002,2884900,641
2021-10-14,53.240002,53.259998,50.279999,50.509998,50.509998,9119000,642
2021-10-15,50.895,52.75,50.049999,51.580002,51.580002,6396700,643
2021-10-18,50.759998,51.41,50.459999,50.470001,50.470001,3437800,644
2021-10-19,50.689999,50.73,49.43,50.040001,50.040001,4930500,645
2021-10-20,50.07,50.779999,49.299999,49.41,49.41,3245900,646
2021-10-21,49.450001,50.689999,49.355,49.57,49.57,3885500,647
2021-10-22,49.099998,49.32,48.07,48.32,48.32,2983700,648
2021-10-25,48.34,49.139999,47.759998,48.119999,48.119999,2914400,649
2021-10-26,48.77,49.389999,47.419998,47.540001,47.540001,3616500,650
2021-10-27,47.799999,48.240002,46.48,46.720001,46.720001,4622200,651
2021-10-28,46.860001,47.41,46.360001,46.919998,46.919998,3298400,652
2021-10-29,46.84,47.150002,45.509998,45.869999,45.869999,4137000,653
2021-11-01,45.77,46.5,45.02,46.400002,46.400002,5748600,654
2021-11-02,46.689999,46.82,44.049999,45.32,45.32,14019600,655
2021-11-03,51.549999,52.077,48.349998,49.029999,49.029999,20734500,656
2021-11-04,49.240002,50.610001,48.210999,49.139999,49.139999,6775900,657
2021-11-05,51.150002,54,51.150002,53.549999,53.549999,13542000,658
2021-11-08,53.98,56.380001,53.610001,55.240002,55.240002,7768800,659
2021-11-09,55.189999,56.299999,54.075001,56.259998,56.259998,6752000,660
2021-11-10,55.43,57.68,53.84,54.599998,54.599998,8000900,661
2021-11-11,54.84,54.959999,52.84,53.18,53.18,5164100,662
2021-11-12,53.389999,53.470001,52.279999,52.959999,52.959999,3768600,663
2021-11-15,53,53.59,50.98,51.66,51.66,4385900,664
2021-11-16,52.112999,52.689999,51.240002,51.279999,51.279999,3559100,665
2021-11-17,50.77,51.150002,49.09,49.709999,49.709999,4381700,666
2021-11-18,49.700001,49.700001,48.119999,49.290001,49.290001,3645800,667
2021-11-19,48.799999,48.799999,47.290001,47.509998,47.509998,4662000,668
2021-11-22,47.290001,47.41,43.700001,45.48,45.48,9101500,669
2021-11-23,45.389999,46.48,44.529999,45.669998,45.669998,5096400,670
2021-11-24,44.560001,44.799999,43.299999,44.52,44.52,5861700,671
2021-11-26,41.68,42.580002,40.41,42.400002,42.400002,7584300,672
2021-11-29,43,43.619999,40.830002,41.82,41.82,6633400,673
2021-11-30,41.240002,41.799999,39.029999,40.610001,40.610001,10057200,674
2021-12-01,41.740002,41.948002,37.970001,38.220001,38.220001,8231000,675
2021-12-02,39.299999,41.389999,38.419998,41.150002,41.150002,10766400,676
2021-12-03,40.900002,41.049999,38.259998,39.470001,39.470001,7656700,677
2021-12-06,39.709999,42.599998,38.950001,41.950001,41.950001,7735000,678
2021-12-07,42.880001,43.830002,41.169998,41.41,41.41,7956000,679
2021-12-08,41.994999,43.060001,41.41,42.209999,42.209999,5472600,680
2021-12-09,41.709999,42.240002,40.700001,40.759998,40.759998,4556700,681
2021-12-10,41.080002,41.400002,39.040001,39.509998,39.509998,5170800,682
2021-12-13,39,39.25,37.709999,38.41,38.41,7789200,683
2021-12-14,38.259998,40.91,38.07,38.98,38.98,10123200,684
2021-12-15,38.889999,39.25,37.32,38.419998,38.419998,7238700,685
2021-12-16,38.810001,39.222,37.189999,37.459999,37.459999,4403000,686
2021-12-17,37.18,38.529999,36.25,38.07,38.07,8219000,687
2021-12-20,37.52,39.119999,36.709999,38.619999,38.619999,4875000,688
2021-12-21,39.029999,41.060001,38.919998,40.91,40.91,5947800,689
2021-12-22,40.799999,42.709999,40.73,42.459999,42.459999,6219400,690
2021-12-23,43.07,44.610001,42.988998,44.18,44.18,6242300,691
2021-12-27,43.939999,44.564999,43.220001,44.029999,44.029999,3966800,692
2021-12-28,43.779999,44.66,43.035,43.52,43.52,3401100,693
2021-12-29,43.43,43.619999,42.200001,43.240002,43.240002,3147200,694
2021-12-30,42.540001,44.349998,42.540001,43.490002,43.490002,3436600,695
2021-12-31,43.32,44.087002,42.639999,42.73,42.73,3235300,696
2022-01-03,43.389999,44.959999,42.619999,44.59,44.59,4975300,697
2022-01-04,44.66,45.275002,43.689999,44.950001,44.950001,5650500,698
2022-01-05,44.900002,46.639999,43.490002,43.59,43.59,5505300,699
2022-01-06,44.130001,44.98,42.59,43.599998,43.599998,4787500,700
2022-01-07,42.700001,44.240002,42.5,43.099998,43.099998,5570200,701
2022-01-10,42.959999,44.220001,41.610001,44.130001,44.130001,5061800,702
2022-01-11,43.779999,45.810001,43.580002,44.5,44.5,6345700,703
2022-01-12,44.389999,44.401001,42.299999,42.380001,42.380001,7169700,704
2022-01-13,42.68,43.43,42.130001,42.599998,42.599998,5607100,705
2022-01-14,42.209999,42.599998,40.709999,41.259998,41.259998,5620900,706
2022-01-18,40.886002,40.939999,38.400002,38.43,38.43,6903400,707
2022-01-19,38.5,38.832001,36.825001,36.91,36.91,6943300,708
2022-01-20,36.970001,39.93,36.919998,37.599998,37.599998,8194300,709
2022-01-21,36.709999,37.59,35.799999,36.799999,36.799999,8478100,710
2022-01-24,35.880001,37.220001,34.474998,37.130001,37.130001,7779300,711
2022-01-25,36.07,37.080002,35.419998,36.220001,36.220001,6959300,712
2022-01-26,37.169998,38.169998,35.599998,35.68,35.68,7512300,713
2022-01-27,36.189999,36.400002,34.84,34.93,34.93,6314500,714
2022-01-28,34.804001,35.799999,33.939999,35.75,35.75,5044100,715
2022-01-31,35.59,38.610001,35.580002,38.52,38.52,6836100,716
2022-02-01,39.040001,39.529999,38.154999,39.419998,39.419998,4596400,717
2022-02-02,39.580002,39.59,38.040001,38.439999,38.439999,3970700,718
2022-02-03,37.669998,37.98,36.23,36.360001,36.360001,4777100,719
2022-02-04,36.52,38.049999,36.264999,37.68,37.68,4289000,720
2022-02-07,37.834999,40.150002,37.834999,39.099998,39.099998,7371500,721
2022-02-08,38.73,41.400002,38.299999,41.200001,41.200001,20228400,722
2022-02-09,40.285,44.169998,38.799999,44,44,25765800,723
2022-02-10,43.599998,45.648998,41.709999,42.099998,42.099998,24087900,724
2022-02-11,42.150002,42.555,38.939999,39.990002,39.990002,10544600,725
2022-02-14,39.98,40.990002,39.419998,39.990002,39.990002,5718400,726
2022-02-15,41,43.52,40.73,43.5,43.5,6474000,727
2022-02-16,43.009998,44.5,42.813,43.82,43.82,7198400,728
2022-02-17,43.16,43.959999,42.369999,42.900002,42.900002,4367400,729
2022-02-18,42.900002,43.110001,41.040001,41.259998,41.259998,5786900,730
2022-02-22,40.84,41.380001,37.82,38.880001,38.880001,9340500,731
2022-02-23,39.240002,39.584999,37.290001,37.43,37.43,5046000,732
2022-02-24,34.82,38.805,34.575001,38.77,38.77,8756600,733
2022-02-25,39.150002,39.200001,37.639999,38.610001,38.610001,6208500,734
2022-02-28,38.150002,39.43,37.919998,38.939999,38.939999,6901400,735
2022-03-01,38.509998,38.610001,36.52,37.68,37.68,5937400,736
2022-03-02,38.049999,39.07,37.459999,38.93,38.93,4479200,737
2022-03-03,38.939999,39.400002,36.57,36.98,36.98,4316000,738
2022-03-04,36.459999,37.080002,34.700001,35.279999,35.279999,7619000,739
2022-03-07,36.919998,38.07,34.439999,34.48,34.48,8673500,740
2022-03-08,34.400002,37.740002,34.130001,36.540001,36.540001,8070900,741
2022-03-09,38.009998,39.43,37.470001,37.799999,37.799999,7336400,742
2022-03-10,36.830002,37.950001,36.610001,37.630001,37.630001,3869200,743
2022-03-11,38.07,38.389999,37.18,37.25,37.25,2798800,744
2022-03-14,37.060001,37.075001,35.080002,35.389999,35.389999,5478600,745
2022-03-15,35.75,36.98,34.959999,35.740002,35.740002,6629500,746
2022-03-16,36.759998,37.900002,36.209999,37.860001,37.860001,6779300,747
2022-03-17,37.849998,37.91,36.615002,37.790001,37.790001,4810800,748
2022-03-18,37.610001,38.68,37.529999,38.619999,38.619999,5562000,749
2022-03-21,37.91,38,36.220001,36.849998,36.849998,5596700,750
2022-03-22,37.139999,38.611,36.869999,38.25,38.25,4818500,751
2022-03-23,37.98,38.740002,37.529999,38.43,38.43,5154000,752
2022-03-24,38.43,39.016998,37.119999,38.98,38.98,4886400,753
2022-03-25,39,39,37.209999,37.509998,37.509998,3394200,754
2022-03-28,37.540001,37.830002,36.5,37.59,37.59,4280200,755
2022-03-29,38.040001,40.459,38.040001,40.16,40.16,7119000,756
2022-03-30,39.75,40,38.215,38.650002,38.650002,3777200,757
2022-03-31,38.799999,38.959999,37.630001,38.400002,38.400002,4736200,758
2022-04-01,38.400002,38.900002,37.240002,37.52,37.52,4260500,759
2022-04-04,37.93,39.310001,37.66,38.959999,38.959999,3527000,760
2022-04-05,38.98,39.130001,37.029999,37.150002,37.150002,4198700,761
2022-04-06,36.380001,36.509998,34.889999,36.080002,36.080002,6662400,762
2022-04-07,36.09,36.220001,33.599998,34.610001,34.610001,6403800,763
2022-04-08,34.195,34.5,33.369999,33.59,33.59,4705300,764
2022-04-11,32.93,34.029999,32.349998,33.32,33.32,4052400,765
2022-04-12,33.619999,34.389999,33.130001,33.450001,33.450001,3880500,766
2022-04-13,33.560001,34.939999,33.403,34.799999,34.799999,4059200,767
2022-04-14,35.060001,36.099998,34.77,35.540001,35.540001,5632500,768
2022-04-18,35.290001,35.650002,34.384998,34.610001,34.610001,3041000,769
2022-04-19,34.959999,36.43,34.855,36.310001,36.310001,3967100,770
2022-04-20,36.5,36.790001,35.611,35.700001,35.700001,3289300,771
2022-04-21,36.59,36.919998,33.970001,34.110001,34.110001,6109200,772
2022-04-22,34.139999,34.57,32.869999,33.16,33.16,3653200,773
2022-04-25,32.849998,34.119999,32.709999,33.91,33.91,5292700,774
2022-04-26,33.360001,33.740002,32.400002,32.450001,32.450001,4226700,775
2022-04-27,32.07,33,31.52,32.23,32.23,4989000,776
2022-04-28,32.900002,33.830002,31.879999,33.560001,33.560001,4543900,777
2022-04-29,33.259998,34.355,32.560001,32.599998,32.599998,4723100,778
2022-05-02,32.259998,32.525002,29.93,31.5,31.5,11738200,779
2022-05-03,31.389999,31.65,30.059999,30.76,30.76,24562300,780
2022-05-04,22.27,22.459999,20.02,21.559999,21.559999,112518800,781
2022-05-05,21.6,22.82,21.209999,22.030001,22.030001,43122300,782
2022-05-06,21.705,21.719999,19.59,20.51,20.51,28942200,783
2022-05-09,19.85,20.639999,18.4,18.610001,18.610001,22056800,784
2022-05-10,18.945,19.629999,18.200001,19,19,21736800,785
2022-05-11,18.950001,19.370001,17.52,17.719999,17.719999,21542400,786
2022-05-12,17.264999,19.004999,17.24,18.59,18.59,16174800,787
2022-05-13,18.860001,20.18,18.860001,20,20,12841800,788
2022-05-16,19.85,20.030001,19.115,19.139999,19.139999,9447600,789
2022-05-17,19.51,20.177999,19.129999,19.719999,19.719999,10205900,790
2022-05-18,19.530001,19.690001,18.120001,18.15,18.15,13838300,791
2022-05-19,18.209999,19.57,18.17,19.290001,19.290001,11638000,792
2022-05-20,19.48,19.559999,18.025,19.07,19.07,12774500,793
2022-05-23,19.200001,20.24,18.68,20.209999,20.209999,11299800,794
2022-05-24,19.75,19.785,16.57,16.719999,16.719999,18054600,795
2022-05-25,16.77,17.145,16.33,16.65,16.65,16228500,796
2022-05-26,16.799999,17.799999,16.610001,17.68,17.68,14710200,797
2022-05-27,17.959999,18.24,17.68,17.77,17.77,11974700,798
2022-05-31,17.68,18.309999,17.358,17.68,17.68,11197900,799
2022-06-01,17.629999,17.98,16.975,17.059999,17.059999,10384700,800
2022-06-02,17.01,18.465,17,18.370001,18.370001,9383000,801
2022-06-03,17.969999,18.1,17.309999,17.4,17.4,8264000,802
2022-06-06,17.778,17.91,16.77,17.16,17.16,10924300,803
2022-06-07,16.9,17.43,16.77,17.209999,17.209999,7785100,804
2022-06-08,17.25,17.799,17.209999,17.629999,17.629999,13225300,805
2022-06-09,17.389999,17.870001,16.91,16.940001,16.940001,9674800,806
2022-06-10,16.58,16.959999,15.75,15.77,15.77,10767000,807
2022-06-13,15.08,15.235,14.18,14.29,14.29,13251900,808
2022-06-14,14.535,14.64,13.92,14.16,14.16,9608500,809
2022-06-15,14.33,15.43,14.32,15.16,15.16,14019200,810
2022-06-16,14.65,14.9,13.73,13.88,13.88,9558900,811
2022-06-17,14.005,14.94,13.955,14.89,14.89,13349500,812
2022-06-21,15.24,15.5,14.635,14.67,14.67,10831800,813
2022-06-22,14.425,15.34,14.38,14.83,14.83,7721000,814
2022-06-23,14.85,15.95,14.57,15.88,15.88,10774900,815
2022-06-24,15.81,16.540001,15.74,16.34,16.34,12218500,816
2022-06-27,16.49,16.73,15.78,15.89,15.89,8555800,817
2022-06-28,15.95,16.16,14.6,14.61,14.61,15581600,818
2022-06-29,14.58,14.58,13.85,14.03,14.03,12088000,819
2022-06-30,13.78,13.86,13.06,13.28,13.28,11812400,820
2022-07-01,13.38,13.7,13.13,13.48,13.48,9734300,821
2022-07-05,13.13,14.03,12.79,14,14,13045800,822
2022-07-06,13.78,13.93,13.14,13.22,13.22,16466900,823
2022-07-07,13.29,13.81,13.17,13.76,13.76,19296800,824
2022-07-08,13.67,13.82,13.05,13.4,13.4,16036200,825
2022-07-11,13.18,13.39,12.34,12.36,12.36,17393400,826
2022-07-12,12.35,12.775,12.35,12.61,12.61,12376500,827
2022-07-13,12.24,12.6,11.96,12.51,12.51,10535300,828
2022-07-14,12.3,12.48,12.02,12.09,12.09,11913200,829
2022-07-15,12.31,13.03,12.14,12.94,12.94,13497100,830
2022-07-18,13.21,13.99,13.17,13.41,13.41,15973000,831
2022-07-19,13.52,13.83,13.295,13.66,13.66,9009300,832
2022-07-20,13.79,14.805,13.79,14.7,14.7,14194700,833
2022-07-21,14.39,14.529,13.99,14.17,14.17,10305100,834
2022-07-22,14.32,14.47,13.46,13.54,13.54,8055100,835
2022-07-25,13.52,13.53,13.02,13.31,13.31,7564000,836
2022-07-26,13.07,13.11,12.47,12.53,12.53,10823900,837
2022-07-27,12.83,13.378,12.515,13.31,13.31,10838900,838
2022-07-28,13.33,13.89,13.05,13.88,13.88,11858900,839
2022-07-29,13.7,13.89,13.185,13.86,13.86,11762900,840
2022-08-01,13.64,14.136,13.17,13.9,13.9,12540900,841
2022-08-02,15.25,16.215,15.15,16.16,16.16,29803800,842
2022-08-03,16.35,16.924999,16.235001,16.709999,16.709999,23366300,843
2022-08-04,16.74,17.455,16.74,17.389999,17.389999,27582400,844
2022-08-05,18.209999,20.35,17.92,20.280001,20.280001,47487000,845
2022-08-08,20.059999,21.52,19.783001,19.83,19.83,23531700,846
2022-08-09,19.379999,19.629999,18.655001,18.67,18.67,14189900,847
2022-08-10,19.700001,20.129999,19.15,19.4,19.4,15119400,848
2022-08-11,19.809999,20.549999,18.879999,18.9,18.9,12045300,849
2022-08-12,19.174999,19.43,18.58,19.4,19.4,11344600,850
2022-08-15,19.110001,19.85,18.860001,19.290001,19.290001,7992300,851
2022-08-16,19.120001,19.725,18.68,19.34,19.34,9512600,852
2022-08-17,18.799999,18.93,17.799999,17.969999,17.969999,14805400,853
2022-08-18,17.98,18.02,17.58,17.6,17.6,6607800,854
2022-08-19,17.27,17.370001,16.565001,16.65,16.65,10492100,855
2022-08-22,16.26,16.43,15.175,15.52,15.52,17169900,856
2022-08-23,15.65,15.8,15.32,15.35,15.35,8054900,857
2022-08-24,15.23,15.92,15.16,15.39,15.39,9291000,858
2022-08-25,15.55,15.92,15.355,15.84,15.84,7546700,859
2022-08-26,15.78,16,14.88,14.97,14.97,10281400,860
2022-08-29,14.78,15.26,14.71,14.73,14.73,7966300,861
2022-08-30,15.02,15.13,14.47,14.72,14.72,9975200,862
2022-08-31,15,15.338,14.66,14.73,14.73,10569600,863
2022-09-01,14.45,14.68,13.71,14.67,14.67,11527300,864
2022-09-02,14.91,15.03,14.34,14.6,14.6,7850100,865
2022-09-06,14.68,14.69,13.77,13.97,13.97,9940300,866
2022-09-07,13.9,14.76,13.88,14.69,14.69,8675500,867
2022-09-08,14.51,17.209999,14.26,17.17,17.17,42151500,868
2022-09-09,17.1,18.360001,17.07,18.110001,18.110001,26673700,869
2022-09-12,18.18,18.575001,17.860001,18.190001,18.190001,15246200,870
2022-09-13,17.379999,17.77,16.790001,16.879999,16.879999,13112900,871
2022-09-14,16.809999,17.129999,16.315001,17.110001,17.110001,11469900,872
2022-09-15,17,18.084999,16.865,16.99,16.99,11553900,873
2022-09-16,16.27,16.57,16.02,16.27,16.27,13725200,874
2022-09-19,16.129999,16.389999,15.92,16.24,16.24,13940600,875
2022-09-20,16.030001,17.440001,16.02,16.870001,16.870001,17465600,876
2022-09-21,16.84,16.875,15.795,15.94,15.94,14774700,877
2022-09-22,15.75,15.91,14.66,14.69,14.69,18091100,878
2022-09-23,14.25,14.4,13.7,13.99,13.99,15249200,879
2022-09-26,13.5,13.99,13.41,13.52,13.52,17830600,880
2022-09-27,13.89,14.345,13.744,14.16,14.16,11694200,881
2022-09-28,14.03,14.62,13.795,14.5,14.5,14729800,882
2022-09-29,14.14,14.26,13.05,13.48,13.48,16690400,883
2022-09-30,13.41,13.81,13.13,13.17,13.17,9049200,884
2022-10-03,13.19,13.22,12.47,12.95,12.95,14537900,885
2022-10-04,13.41,13.89,13.41,13.8,13.8,15195600,886
2022-10-05,13.31,13.92,13.215,13.75,13.75,9669100,887
2022-10-06,13.76,14.23,13.43,13.7,13.7,9195100,888
2022-10-07,13.02,13.1,12.325,12.51,12.51,16712700,889
2022-10-10,12.81,13.01,12.36,12.81,12.81,11877900,890
2022-10-11,12.19,12.3,10.825,11.27,11.27,39753100,891
2022-10-12,11.62,12.15,11.5,11.9,11.9,19996100,892
2022-10-13,11.35,12.235,11.21,11.99,11.99,13878400,893
2022-10-14,12.21,12.4,11.735,11.77,11.77,9546000,894
2022-10-17,12.15,12.695,12.09,12.66,12.66,14033000,895
2022-10-18,13.3,13.54,13,13.29,13.29,12383700,896
2022-10-19,13.03,13.55,12.92,13.02,13.02,14397100,897
2022-10-20,12.91,13.935,12.91,13.31,13.31,11105100,898
2022-10-21,13.12,13.64,12.905,13.56,13.56,10990800,899
2022-10-24,13.47,13.91,13.23,13.9,13.9,10128100,900
2022-10-25,13.97,15.035,13.9,14.81,14.81,14506500,901
2022-10-26,14.69,15.155,14.4,14.76,14.76,9423500,902
2022-10-27,14.75,15.035,14.44,14.63,14.63,7604900,903
2022-10-28,14.55,14.765,14.085,14.52,14.52,10749000,904
2022-10-31,14.53,15.025,14.325,14.64,14.64,11140000,905
2022-11-01,15.96,16.4,15.12,15.15,15.15,20388000,906
2022-11-02,14.98,15.26,13.975,14,14,12427800,907
2022-11-03,13.78,14.215,13.43,13.72,13.72,14173900,908
2022-11-04,13.98,14.15,13.17,13.74,13.74,11873400,909
2022-11-07,14.12,14.255,13.2,14.14,14.14,27568700,910
2022-11-08,11.938,12.191,10.62,10.9,10.9,80955300,911
2022-11-09,10.76,11.095,10.6,10.64,10.64,28137100,912
2022-11-10,11.24,11.495,10.913,11.28,11.28,31008400,913
2022-11-11,11.19,12.79,11.14,12.7,12.7,26140500,914
2022-11-14,12.54,13.25,12.465,12.95,12.95,15062100,915
2022-11-15,13.55,13.74,13.01,13.07,13.07,16226000,916
2022-11-16,12.79,12.79,11.91,11.97,11.97,16593500,917
2022-11-17,11.71,11.725,11.27,11.35,11.35,14255600,918
2022-11-18,11.55,11.6,11.07,11.21,11.21,10511100,919
2022-11-21,11.05,11.1,10.74,11.05,11.05,15314000,920
2022-11-22,10.8,11.06,10.43,11.05,11.05,15220200,921
2022-11-23,11.02,11.39,10.72,11.31,11.31,16125500,922
2022-11-25,11.09,11.17,10.9,11.14,11.14,4981900,923
2022-11-28,10.97,11.09,10.69,10.7,10.7,10906300,924
2022-11-29,10.81,11.15,10.59,10.76,10.76,13346800,925
2022-11-30,10.72,11.25,10.48,11.22,11.22,31346900,926
2022-12-01,11.27,11.58,11.06,11.2,11.2,10777400,927
2022-12-02,10.91,11.12,10.71,11.1,11.1,10285500,928
2022-12-05,11.1,11.59,10.71,10.78,10.78,13843700,929
2022-12-06,10.78,10.959,10.305,10.41,10.41,15257600,930
2022-12-07,10.34,10.365,10.09,10.32,10.32,10740500,931
2022-12-08,10.365,10.72,10.259,10.64,10.64,10387700,932
2022-12-09,10.6,11.095,10.44,10.95,10.95,12491300,933
2022-12-12,10.9,11.55,10.75,11.51,11.51,20538100,934
2022-12-13,12.085,12.54,11.56,11.6,11.6,18781500,935
2022-12-14,11.66,12.14,11.485,11.89,11.89,13563300,936
2022-12-15,11.6,11.77,11.23,11.35,11.35,12223500,937
2022-12-16,11.25,11.475,10.98,11.09,11.09,20147300,938
2022-12-19,11.11,11.15,10.255,10.32,10.32,12151600,939
2022-12-20,10.25,10.47,10.15,10.36,10.36,10131200,940
2022-12-21,10.59,10.71,10.39,10.48,10.48,9699500,941
2022-12-22,10.33,10.36,9.835,10.1,10.1,12757300,942
2022-12-23,10.07,10.23,9.83,10.21,10.21,7836700,943
2022-12-27,10.05,10.09,9.72,9.87,9.87,9661200,944
2022-12-28,9.84,10.25,9.66,10.12,10.12,9531300,945
2022-12-29,10.27,10.87,10.06,10.85,10.85,10395300,946
2022-12-30,10.58,11.27,10.56,11.02,11.02,11232300,947
2023-01-03,11.3,11.43,10.97,11.12,11.12,8644100,948
2023-01-04,11.31,11.5,11.125,11.49,11.49,11343400,949
2023-01-05,11.39,11.57,11.06,11.36,11.36,7601500,950
2023-01-06,11.42,12.01,11.12,11.94,11.94,11944600,951
2023-01-09,12.24,13.27,12.15,12.7,12.7,22063000,952
2023-01-10,12.6,13.37,12.6,13.31,13.31,14150000,953
2023-01-11,13.26,13.95,13.21,13.84,13.84,20206600,954
2023-01-12,14.1,14.58,13.77,14.55,14.55,13261500,955
2023-01-13,14.32,14.61,14.15,14.49,14.49,12229100,956
2023-01-17,14.4,14.6,14.034,14.35,14.35,11654100,957
2023-01-18,14.69,14.87,14.14,14.35,14.35,15556000,958
2023-01-19,14.15,14.49,13.84,14.21,14.21,11483900,959
2023-01-20,14.44,15.46,14.4,15.4,15.4,16868400,960
2023-01-23,15.48,15.74,15.08,15.41,15.41,14384700,961
2023-01-24,16.110001,16.129999,15.29,15.3,15.3,18609400,962
2023-01-25,14.94,15.88,14.65,15.86,15.86,16116200,963
2023-01-26,16.15,16.299999,15.213,15.36,15.36,15725000,964
2023-01-27,15.23,16.469999,15.18,16.18,16.18,12631900,965
2023-01-30,15.59,16.01,15.471,15.55,15.55,10076000,966
2023-01-31,15.69,16.528,15.69,16.25,16.25,10345300,967
2023-02-01,16.24,17.24,16.16,16.9,16.9,12936500,968
2023-02-02,17.219999,17.57,16.965,17.549999,17.549999,17475000,969
2023-02-03,16.91,17.629999,16.754999,17.379999,17.379999,12178300,970
2023-02-06,16.83,17.545,16.665001,17.35,17.35,13691500,971
2023-02-07,17.35,18.01,17.059999,17.93,17.93,15692800,972
2023-02-08,18.280001,18.360001,16.66,16.75,16.75,22771100,973
2023-02-09,17.075001,17.295,15.99,16.219999,16.219999,44423300,974
2023-02-10,11.15,11.22,10.23,10.31,10.31,145483900,975
2023-02-13,10.3,10.57,10.08,10.46,10.46,46640100,976
2023-02-14,10.16,10.82,10.06,10.76,10.76,32194900,977
2023-02-15,10.63,11.76,10.63,11.5,11.5,40792100,978
2023-02-16,11.33,11.57,10.98,10.99,10.99,22914100,979
2023-02-17,10.88,11.36,10.83,11.28,11.28,21999800,980
2023-02-21,11.03,11.055,10.54,10.69,10.69,22101800,981